{"#---------- Args ----------":0,
"K":1,
"K_train":1,
"anntype":"coordinate",
"batch_size":1000,
"dataset":"ETH-UCY",
"epochs":200,
"feature_dim":128,
"input_pred_steps":"null",
"interval":0.4,
"log_dir":".\\logs\\20250315-212751_model_evscphotel",
"lr":0.0003,
"max_agents":50,
"model":"evscp",
"model_name":"model",
"model_type":"agent-based",
"noise_depth":16,
"obs_frames":8,
"output_pred_steps":"4_8_11",
"pmove":-1,
"pred_frames":12,
"preprocess":"101",
"save_base_dir":".\\logs",
"split":"hotel",
"step":1.0,
"#---------- VArgs ----------":1,
"Kc":20,
"T":"fft",
"#---------- SocialCircleArgs ----------":2,
"Ts":"none",
"partitions":8,
"rel_speed":0,
"use_direction":1,
"use_distance":1,
"use_move_direction":0,
"use_velocity":1,
"#---------- PhysicalCircleArgs ----------":3,
"adaptive_fusion":0,
"vision_radius":2.0}